band,img
ABBA,https://cdn.britannica.com/s:300x300/72/23172-004-1094DE4F.jpg
AC/DC,https://upload.wikimedia.org/wikipedia/commons/6/60/ACDC%2C_Concierto_en_el_Estadio_Olimpico_Llu%C3%ADs_Companys_-_%28Barcelona_2015%29.JPG
Aerosmith,https://cdn.britannica.com/s:300x300/19/153219-004-1844E835.jpg
The Allman Brothers Band,https://cdn.britannica.com/s:300x300/47/172847-004-3CAB59A8.jpg
Amadou and Mariam,
The Andrews Sisters,https://cdn.britannica.com/s:300x300/51/98351-004-1AA76B33.jpg
The Animals,https://cdn.britannica.com/s:300x300/08/199508-004-4960375B.jpg
Arcade Fire,https://upload.wikimedia.org/wikipedia/commons/1/1e/ArcadeFireBUE.jpg
The Band,https://cdn.britannica.com/s:300x300/08/23908-004-2E424FDC.jpg
The Beach Boys,https://cdn.britannica.com/s:300x300/28/198728-004-1DDEE066.jpg
The Beastie Boys,https://cdn.britannica.com/s:300x300/35/143835-004-D629A4B9.jpg
The Beatles,https://cdn.britannica.com/s:300x300/18/136518-004-B02D5BA8.jpg
The Bee Gees,https://cdn.britannica.com/s:300x300/28/125428-004-3391EBC6.jpg
Big Star,https://upload.wikimedia.org/wikipedia/commons/0/0d/Big_Star_at_Hyde_Park.jpg
Black Flag,
Black Sabbath,https://cdn.britannica.com/s:300x300/40/23140-004-5B0A9770.jpg
Blondie,https://cdn.britannica.com/s:300x300/47/170847-004-154F15C0.jpg
Booker T. and the MG’s,https://cdn.britannica.com/s:300x300/89/22989-004-D278A7D0.jpg
Boston,https://cdn.britannica.com/s:300x300/67/199767-004-6B5FF690.jpg
The Boswell Sisters,https://cdn.britannica.com/s:300x300/33/126933-004-66689DDB.jpg
Boyz II Men,https://upload.wikimedia.org/wikipedia/commons/7/73/Blue_pencil.svg
Brooks & Dunn,https://cdn.britannica.com/s:300x300/20/196220-004-8426B9D8.jpg
Buffalo Springfield,https://cdn.britannica.com/s:300x300/62/102762-004-283D5496.jpg
The Byrds,https://upload.wikimedia.org/wikipedia/commons/7/73/Blue_pencil.svg
Calle 13,
The Chemical Brothers,
Chicago,https://upload.wikimedia.org/wikipedia/commons/a/ad/1968_Democratic_National_Convention%2C_Chicago._Sept_68_C15_8_1313%2C_Photo_by_Bea_A_Corson%2C_Chicago._Purchased_at_estate_sale_in_2011_by_Victor_Grigas_Released_Public_Domain.tiff
The Clash,https://cdn.britannica.com/s:300x300/78/23078-004-8F90DCE3.jpg
The Coasters,
Coldplay,https://cdn.britannica.com/s:300x300/79/188779-004-2B8A6A32.jpg
Alice Cooper,https://cdn.britannica.com/s:300x300/06/103106-004-97756A61.jpg
Cream,https://cdn.britannica.com/s:300x300/30/137030-004-AC287D4E.jpg
Creedence Clearwater Revival,
"Crosby, Stills & Nash",
Daft Punk,https://cdn.britannica.com/s:300x300/89/181289-004-A612034D.jpg
De La Soul,https://cdn.britannica.com/s:300x300/49/170849-004-E37A6A7C.jpg
Death Cab for Cutie,
The Decemberists,https://cdn.britannica.com/s:300x300/39/131639-004-0C47CFE8.jpg
Def Leppard,https://cdn.britannica.com/s:300x300/64/122864-004-3B07B773.jpg
Devo,https://cdn.britannica.com/s:300x300/28/23028-004-EBFBC4A3.jpg
The Dillards,
Dion and the Belmonts,
Dire Straits,https://upload.wikimedia.org/wikipedia/commons/1/1b/2015_John_Illsley_by_2eight-_DSC2851.jpg
Dixie Chicks,https://cdn.britannica.com/s:300x300/99/98199-004-E7E99EB5.jpg
The Doors,https://cdn.britannica.com/s:300x300/47/150647-004-9083BD65.jpg
The Drifters,
The Eagles,https://cdn.britannica.com/s:300x300/50/198850-004-79AAB799.jpg
"Earth, Wind & Fire",https://cdn.britannica.com/s:300x300/47/23047-004-5115A804.jpg
 Emerson Lake & Palmer,
The Everly Brothers,https://cdn.britannica.com/s:300x300/81/23081-004-88616104.jpg
The Flamingos,
Fleetwood Mac,https://cdn.britannica.com/s:300x300/34/144434-004-74CC4F61.jpg
The Flying Burrito Brothers,https://cdn.britannica.com/s:300x300/55/23155-004-2FE379F7.jpg
The Four Seasons,
The Four Tops,https://cdn.britannica.com/s:300x300/65/122865-004-194D48C4.jpg
Fugazi,https://cdn.britannica.com/s:300x300/59/143859-004-E365EF21.jpg
The Gang of Four,
Genesis,https://cdn.britannica.com/s:300x300/29/102829-004-71E5FDE8.jpg
Grandmaster Flash and the Furious Five,
The Grateful Dead,https://cdn.britannica.com/s:300x300/78/195978-004-53E07842.jpg
Green Day,https://cdn.britannica.com/s:300x300/27/198427-004-5FA16775.jpg
Guns N’ Roses,https://cdn.britannica.com/s:300x300/07/103107-004-999A7322.jpg
Hüsker Dü,
The Hollies,https://cdn.britannica.com/s:300x300/47/198047-004-0BD68C69.jpg
Iggy and the Stooges,
The Ink Spots,
The Isley Brothers,https://cdn.britannica.com/s:300x300/84/197084-004-B966D78E.jpg
The Jam,
The Jefferson Airplane,
The Jesus and Mary Chain,
Jonas Brothers,https://cdn.britannica.com/s:300x300/21/199221-004-C670E46C.jpg
Joy Division,https://cdn.britannica.com/s:300x300/08/23008-004-C0B64CFC.jpg
The Judds,
The Kingston Trio,
The Kinks,https://cdn.britannica.com/s:300x300/06/23906-004-DE06C568.jpg
Gladys Knight and the Pips,https://cdn.britannica.com/s:300x300/00/68900-004-3499CEB3.jpg
Kool and the Gang,
Kraftwerk,https://upload.wikimedia.org/wikipedia/commons/7/73/Blue_pencil.svg
Ladysmith Black Mambazo,
Led Zeppelin,https://cdn.britannica.com/s:300x300/46/23046-004-28142049.jpg
Little Anthony and the Imperials,
The Louvin Brothers,
Love,https://upload.wikimedia.org/wikipedia/commons/a/ad/Ahava.jpg
The Lovin’ Spoonful,
Frankie Lymon and the Teenagers,
Lynyrd Skynyrd,https://cdn.britannica.com/s:300x300/43/23143-004-170C4F54.jpg
The MC5,
The Mamas and the Papas,https://cdn.britannica.com/s:300x300/51/172051-004-6621CB1C.jpg
The Mekons,
Metallica,https://cdn.britannica.com/s:300x300/52/175552-004-60E69CFB.jpg
The Mills Brothers,https://upload.wikimedia.org/wikipedia/commons/7/73/Blue_pencil.svg
Modest Mouse,
The Monkees,https://cdn.britannica.com/s:300x300/95/191495-004-5A313914.jpg
The Moody Blues,https://upload.wikimedia.org/wikipedia/commons/7/73/Blue_pencil.svg
The Moonglows,
Mumford & Sons,https://cdn.britannica.com/s:300x300/99/172799-004-750D4DFF.jpg
My Chemical Romance,https://upload.wikimedia.org/wikipedia/commons/7/73/Blue_pencil.svg
New Order,https://cdn.britannica.com/s:300x300/08/23008-004-C0B64CFC.jpg
The New York Dolls,https://cdn.britannica.com/s:300x300/51/23551-004-FFF07A74.jpg
Nine Inch Nails,https://cdn.britannica.com/s:300x300/49/175549-004-61B99032.jpg
Nirvana,https://cdn.britannica.com/s:300x300/37/58637-004-C9412A26.jpg
The O’Jays,https://cdn.britannica.com/s:300x300/58/69658-004-790BCE01.jpg
The Ohio Players,https://cdn.britannica.com/s:300x300/54/23554-004-C697344C.jpg
One Direction,https://cdn.britannica.com/s:300x300/30/164030-004-4F6F3769.jpg
The Orioles,
OutKast,https://cdn.britannica.com/s:300x300/50/103050-004-F49BBE75.jpg
Parliament-Funkadelic,https://upload.wikimedia.org/wikipedia/commons/7/73/Blue_pencil.svg
Pavement,
Pearl Jam,https://cdn.britannica.com/s:300x300/20/19220-004-1D2043D4.jpg
Pere Ubu,
The Pet Shop Boys,https://cdn.britannica.com/s:300x300/70/122870-004-5FA1D70C.jpg
"Peter, Paul and Mary",
Pink Floyd,https://cdn.britannica.com/s:300x300/64/23164-004-AA40200F.jpg
Pixies,https://cdn.britannica.com/s:300x300/39/198039-004-DC026C94.jpg
The Platters,https://cdn.britannica.com/s:300x300/45/111745-004-30CB5740.jpg
Poco,
The Police,https://cdn.britannica.com/s:300x300/13/162313-004-916A3A0A.jpg
Portishead,https://cdn.britannica.com/s:300x300/08/131408-004-8FBAE1F1.jpg
Public Enemy,
Puffy AmiYumi,https://cdn.britannica.com/s:300x300/23/98223-004-92A527F2.jpg
Queen,https://cdn.britannica.com/s:300x300/83/149183-004-56E629EA.jpg
R.E.M.,https://cdn.britannica.com/s:300x300/48/23048-004-8ABE02C6.jpg
Radiohead,https://cdn.britannica.com/s:300x300/98/162198-004-AFF2920B.jpg
Rage Against the Machine,https://upload.wikimedia.org/wikipedia/commons/b/b5/Audioslave_2005.jpg
The Ramones,https://cdn.britannica.com/s:300x300/52/23152-004-2FC44B0F.jpg
Rascal Flatts,https://cdn.britannica.com/s:300x300/07/147107-004-B13087AF.jpg
Red Hot Chili Peppers,https://cdn.britannica.com/s:300x300/42/201342-004-A84DB483.jpg
The Replacements,
The Rolling Stones,https://cdn.britannica.com/s:300x300/70/21270-004-3E74C5FA.jpg
Roxy Music,https://cdn.britannica.com/s:300x300/72/122872-004-1A003DE4.jpg
Run-D.M.C.,https://cdn.britannica.com/s:300x300/16/198716-004-B1CA2683.jpg
Sam and Dave,
Santana,https://cdn.britannica.com/s:300x300/41/131341-004-ED1BCFD1.jpg
The Sex Pistols,https://cdn.britannica.com/s:300x300/20/23020-004-026097D0.jpg
The Shadows,https://cdn.britannica.com/s:300x300/64/23564-004-015C53AC.jpg
The Shirelles,
Sleater-Kinney,https://cdn.britannica.com/s:300x300/43/201343-004-20BD0539.jpg
Sly and the Family Stone,https://cdn.britannica.com/s:300x300/18/23018-004-9EF2D005.jpg
Smashing Pumpkins,
The Smiths,https://cdn.britannica.com/s:300x300/17/23017-004-C0102DE8.jpg
Sonic Youth,https://cdn.britannica.com/s:300x300/73/122873-004-D8985A7A.jpg
The Soul Stirrers,
Spice Girls,https://cdn.britannica.com/s:300x300/75/128475-004-83066033.jpg
Stanley Brothers,https://cdn.britannica.com/s:300x300/38/99038-004-96A5DCCF.jpg
The Staple Singers,https://cdn.britannica.com/s:300x300/05/198205-004-42A0E81E.jpg
Steely Dan,https://cdn.britannica.com/s:300x300/45/23345-004-37717395.jpg
The Strokes,https://upload.wikimedia.org/wikipedia/commons/2/2b/Audio_a.svg
TV on the Radio,
Talking Heads,https://cdn.britannica.com/s:300x300/77/23077-004-0CBB25DF.jpg
Television,https://cdn.britannica.com/s:300x300/97/6897-004-A7A427B6.jpg
The Temptations,https://cdn.britannica.com/s:300x300/14/23014-004-E34F914C.jpg
Tinariwen,https://cdn.britannica.com/s:300x300/23/164623-004-E444CF72.jpg
Toots and the Maytals,https://upload.wikimedia.org/wikipedia/commons/7/73/Blue_pencil.svg
Traffic,https://upload.wikimedia.org/wikipedia/commons/9/93/Burger_King%2C_Ashley_St%2C_Valdosta_2016.JPG
The Turtles,
U2,https://cdn.britannica.com/s:300x300/43/23043-004-3A1F5470.jpg
Van Halen,https://cdn.britannica.com/s:300x300/41/23141-004-12A94725.jpg
The Velvet Underground,https://cdn.britannica.com/s:300x300/75/23075-004-C887127F.jpg
The Ventures,https://cdn.britannica.com/s:300x300/99/23199-004-B697A1B9.jpg
The Weavers,
The White Stripes,
The Who,https://cdn.britannica.com/s:300x300/29/161829-004-C889C468.jpg
Wilco,https://upload.wikimedia.org/wikipedia/commons/7/73/Blue_pencil.svg
X,https://cdn.britannica.com/s:300x300/54/201354-004-2CAE7D3C.jpg
The Yardbirds,https://cdn.britannica.com/s:300x300/44/23144-004-001A651E.jpg
Yes,https://cdn.britannica.com/s:300x300/06/128406-004-D2B2DDDC.jpg
Yo La Tengo,
ZZ Top,https://upload.wikimedia.org/wikipedia/commons/7/73/Blue_pencil.svg
